id, username, userid, transactiondate, amount
1, devendra, 1234, 31/10/2015, 10000
2, john, 2134, 3/12/2015, 12321
3, robin, 2135, 2/02/2015, 23411
4, someone1, 2136, 2/02/2015, 23412
5, someone2, 2137, 3/02/2015, 23413
6, someone3, 2138, 4/02/2015, 23414
7, someone4, 2139, 5/02/2015, 23415
8, someone5, 2140, 6/02/2015, 23416
9, someone6, 2141, 7/02/2015, 23417
10, someone7, 2142, 8/02/2015, 23418
11, someone8, 2143, 9/02/2015, 23419
12, someone9, 2144, 10/02/2015, 23420
13, someone10, 2145, 11/02/2015, 23421
14, someone11, 2146, 12/02/2015, 23422
15, someone12, 2147, 13/02/2015, 23423